{"input1":0,"input2":0.0,"input3":0.0,"input4":0.0,"output1":0.0}
{"input1":15,"input2":15.0,"input3":15.0,"input4":0.15,"output1":92.5748913763936}
{"input1":20,"input2":19.99,"input3":9.999,"input4":0.999,"output1":10.00900900900901}
{"input1":20,"input2":19.99,"input3":9.999,"input4":0.0,"output1":219.96999999999994}
{"input1":10,"input2":0.0,"input3":1.0,"input4":0.0,"output1":10.0}
{"input1":8,"input2":10.0,"input3":2.0,"input4":0.0,"output1":26.0}
{"input1":13,"input2":0.0,"input3":0.0,"input4":0.0,"output1":0.0}
{"input1":15,"input2":14.56,"input3":0.0,"input4":0.0,"output1":14.56}
{"input1":16,"input2":18.19,"input3":0.0,"input4":0.05,"output1":8.005904102775611}
{"input1":8,"input2":11.3,"input3":0.5,"input4":0.3,"output1":2.2220091629999996}
{"input1":5,"input2":1.3,"input3":1.5,"input4":0.05,"output1":7.792487093749998}
{"input1":10,"input2":0.0,"input3":2.0,"input4":0.0,"output1":20.0}
{"input1":19,"input2":1.0555396044894927,"input3":3.436968016707546,"input4":0.6129127827402395,"output1":5.607597153103672}
{"input1":5,"input2":5.561993348398289,"input3":4.219716793400245,"input4":0.09119264389082582,"output1":21.033897467627416}
{"input1":7,"input2":1.194264979065558,"input3":2.7287747907480453,"input4":0.2493360303679003,"output1":9.634624284623744}
{"input1":5,"input2":8.955778373894333,"input3":6.7415063756934925,"input4":0.47105182687900526,"output1":14.089837797141566}
{"input1":0,"input2":15.941543696054513,"input3":5.420691570188593,"input4":0.5653562517943874,"output1":15.941543696054513}
{"input1":17,"input2":7.770868314540518,"input3":8.719168657823493,"input4":0.6275354554572297,"output1":13.894304115613009}
{"input1":17,"input2":0.15133770308530137,"input3":5.803024721806357,"input4":0.4890654032291144,"output1":11.865410118202568}
{"input1":20,"input2":13.000630500196248,"input3":2.2171158684511107,"input4":0.08139403312896831,"output1":24.63281226926536}
{"input1":4,"input2":8.624059745834913,"input3":3.3978815224868875,"input4":0.9055437372628113,"output1":3.752698575030136}
{"input1":11,"input2":2.8257909156153804,"input3":7.113111147696509,"input4":0.715810000570697,"output1":9.937142776697339}
{"input1":6,"input2":12.20460751260659,"input3":3.274632160636952,"input4":0.8849879251846802,"output1":3.7002195026657927}
{"input1":3,"input2":12.989677420282955,"input3":3.687015674130596,"input4":0.14406444669585605,"output1":17.689637394470456}
{"input1":12,"input2":1.7469972135159795,"input3":6.720616468381483,"input4":0.7654681694868829,"output1":8.7797462875404}
{"input1":1,"input2":3.6379178654495625,"input3":6.284551293989853,"input4":0.22365077207388373,"output1":9.108846020090246}
{"input1":17,"input2":3.4599769667643043,"input3":9.811424694069593,"input4":0.9506866796767667,"output1":10.320355700582105}
{"input1":1,"input2":5.423491719741755,"input3":9.527506170904985,"input4":0.5435609755383047,"output1":12.002999440639993}
{"input1":6,"input2":6.428684920538778,"input3":3.60564453362254,"input4":0.8395660182096917,"output1":4.294689169188816}
{"input1":18,"input2":8.366018588573468,"input3":1.618100743188975,"input4":0.1121714015573152,"output1":13.71347821877489}
{"input1":1,"input2":1.5367567383418734,"input3":8.48770563630016,"input4":0.7431068220795216,"output1":8.882487958503512}
{"input1":11,"input2":15.357479281844741,"input3":1.288490072765891,"input4":0.4619130847430025,"output1":2.803225120626218}
{"input1":5,"input2":5.111287045427019,"input3":0.7989189892443183,"input4":0.9219423864222954,"output1":0.866572945824491}
{"input1":11,"input2":14.305834308252543,"input3":6.1580647061434775,"input4":0.7293432912055865,"output1":8.443304026668873}
{"input1":18,"input2":11.196780328766309,"input3":1.9864953382456607,"input4":0.8351852737641954,"output1":2.3785085784529567}
{"input1":20,"input2":13.406919959413745,"input3":2.5350041176701907,"input4":0.9341887359665172,"output1":2.713588828543796}
{"input1":1,"input2":3.8654627422614163,"input3":9.444132355180946,"input4":0.460890988066998,"output1":11.52803815482533}
{"input1":4,"input2":8.225032132753554,"input3":4.7591401868521155,"input4":0.8852317494174964,"output1":5.376645980528914}
{"input1":3,"input2":17.531177772069285,"input3":7.903401476452313,"input4":0.7786575070184514,"output1":10.230077681780177}
{"input1":1,"input2":19.874242737574896,"input3":9.310974186952235,"input4":0.12140356818158304,"output1":26.772412941278624}
{"input1":20,"input2":15.561637051341137,"input3":1.2801653374173638,"input4":0.6203240694055897,"output1":2.0637041717388285}
{"input1":14,"input2":9.073220229287456,"input3":3.1796724267644185,"input4":0.2618979689713119,"output1":12.097186799820289}
{"input1":11,"input2":6.991523675088236,"input3":0.22725050184851936,"input4":0.24061316293180102,"output1":1.2373092297333412}
{"input1":7,"input2":5.486931814484173,"input3":2.484982456879823,"input4":0.4508240997128016,"output1":5.511709769869964}
{"input1":13,"input2":2.2228671630711805,"input3":3.288711697225384,"input4":0.8921020284181442,"output1":3.686474856532391}
{"input1":1,"input2":5.175857900200425,"input3":3.8533915334490034,"input4":0.9307571256093768,"output1":4.211782811896296}
{"input1":6,"input2":13.64012070580781,"input3":0.21128911354702073,"input4":0.8906971972282918,"output1":0.23724052500000664}
{"input1":17,"input2":9.206054725363252,"input3":4.235067816990256,"input4":0.6677739724562162,"output1":6.342067833832692}
{"input1":10,"input2":2.259846695443124,"input3":6.645724017952766,"input4":0.8037875211570634,"output1":8.268010431321915}
{"input1":17,"input2":0.17995668863907577,"input3":4.992478697817893,"input4":0.3107376359658116,"output1":16.038123790452175}
{"input1":7,"input2":1.3396745335779658,"input3":5.179724529521587,"input4":0.5627059555264812,"output1":9.180977800315814}
{"input1":19,"input2":11.81163717682698,"input3":1.6775891354413053,"input4":0.03170201676686801,"output1":30.629251308079215}
{"input1":14,"input2":4.2016961216765925,"input3":0.6041389974206057,"input4":0.34570516484191793,"output1":1.754022980935619}
{"input1":19,"input2":10.363696648601255,"input3":7.580675876560799,"input4":0.13031046584181705,"output1":54.80541988899859}
{"input1":4,"input2":2.479087164471434,"input3":6.730317211724696,"input4":0.21584997215373436,"output1":20.32876700779005}
{"input1":16,"input2":6.488278262131713,"input3":1.5303921711931578,"input4":0.5277064245156448,"output1":2.900104500385148}
{"input1":2,"input2":9.60675612379648,"input3":0.7934270624933126,"input4":0.4282646913200009,"output1":4.387325905901435}
{"input1":18,"input2":8.345964486868525,"input3":6.6087981390642225,"input4":0.6397148833673624,"output1":10.330849410586936}
{"input1":18,"input2":19.488865834447516,"input3":1.3082318248792146,"input4":0.22395119523713647,"output1":5.983842160717755}
{"input1":16,"input2":2.6045587928474356,"input3":2.269640493794175,"input4":0.4937005488451389,"output1":4.597163520601989}
{"input1":11,"input2":5.643016383036057,"input3":6.625478659083088,"input4":0.10658078117792613,"output1":45.802636102274256}
{"input1":15,"input2":7.015966860903169,"input3":6.79179564311039,"input4":0.9680741786937253,"output1":7.015780187707234}
{"input1":15,"input2":18.218242710169253,"input3":3.122722783133157,"input4":0.01938174020981276,"output1":54.573156368551246}
{"input1":20,"input2":18.847246978082445,"input3":9.114589369619,"input4":0.418201003547489,"output1":21.79469908840263}
{"input1":1,"input2":6.62017160212534,"input3":8.283896986239279,"input4":0.5948748960947404,"output1":10.965894694420957}
{"input1":9,"input2":11.182905748911711,"input3":2.7410516591362666,"input4":0.9217311241106418,"output1":2.973808292103747}
{"input1":20,"input2":15.034023358048286,"input3":6.2593266447238625,"input4":0.47424277935201875,"output1":13.198575042645466}
{"input1":8,"input2":10.836129970346375,"input3":0.6761918040192183,"input4":0.8326060568496094,"output1":0.8121451238646133}
{"input1":20,"input2":9.349363206124144,"input3":0.9371363406194921,