{"input1":1.001,"input2":1.0,"input3":1,"output1":2.001}
{"input1":100.0,"input2":99.999,"input3":20,"output1":3999.599534511501}
{"input1":100.0,"input2":1.0,"input3":20,"output1":102.02020201974588}
{"input1":15.319,"input2":5.635,"input3":1,"output1":20.954}
{"input1":2.176,"input2":1.787,"input3":1,"output1":3.963}
{"input1":17.165,"input2":5.627,"input3":1,"output1":22.791999999999998}
{"input1":60.567,"input2":37.053,"input3":1,"output1":97.62}
{"input1":62.145,"input2":62.058,"input3":1,"output1":124.203}
{"input1":36.311,"input2":33.399,"input3":1,"output1":69.71000000000001}
{"input1":46.821,"input2":8.151,"input3":1,"output1":54.971999999999994}
{"input1":44.46162219590432,"input2":25.15609076672863,"input3":10,"output1":159.79411553474736}
{"input1":58.611311040275545,"input2":27.886463539734507,"input3":6,"output1":163.09070473404688}
{"input1":27.474460766186645,"input2":5.803968362714523,"input3":16,"output1":42.19132982547554}
{"input1":14.770349895672076,"input2":2.496399026735208,"input3":13,"output1":20.778633243990473}
{"input1":21.913821128488166,"input2":5.656327828399352,"input3":12,"output1":37.1623869195446}
{"input1":45.59515043147638,"input2":32.648751232373556,"input3":6,"output1":238.41689926391413}
{"input1":52.77594537950051,"input2":33.19618704676356,"input3":6,"output1":217.38062884954854}
{"input1":47.57787610808877,"input2":21.116639140453888,"input3":15,"output1":123.5135940451799}
{"input1":99.74733347236405,"input2":43.12858000990054,"input3":3,"output1":231.3631439601828}
{"input1":97.07280361231949,"input2":39.7417531663775,"input3":20,"output1":231.65408814187543}
{"input1":25.815982619788503,"input2":17.437062014580466,"input3":20,"output1":133.21330172137183}
{"input1":72.31461485886899,"input2":40.852239413505224,"input3":3,"output1":213.21342476609618}
{"input1":77.09619001640569,"input2":6.691049967364182,"input3":15,"output1":91.75007633023995}
{"input1":39.28845860639277,"input2":37.53155431444138,"input3":9,"output1":579.7872275064755}
{"input1":81.03591362170017,"input2":32.894931283314364,"input3":11,"output1":191.77080230167272}
{"input1":13.124089307424208,"input2":7.191111575597647,"input3":6,"output1":43.72226954996466}
{"input1":78.61642565236374,"input2":16.325451861564645,"input3":5,"output1":119.77833013732231}
{"input1":56.02182161459528,"input2":45.05190401816603,"input3":5,"output1":342.56044811896936}
{"input1":55.682815056429256,"input2":20.762656240618906,"input3":12,"output1":121.89716433361853}
{"input1":44.925300433838494,"input2":17.27518280826567,"input3":2,"output1":86.11851385435972}
{"input1":45.823273092733096,"input2":15.950255059902375,"input3":20,"output1":94.75658819044317}
{"input1":24.255461781164634,"input2":3.964067572752914,"input3":4,"output1":33.70835003221213}
{"input1":27.313073756559216,"input2":15.43055747555719,"input3":16,"output1":98.2396531134345}
{"input1":5.406064746056707,"input2":2.7559415813848824,"input3":14,"output1":16.64858571315722}
{"input1":80.4126086534647,"input2":79.22155701049888,"input3":12,"output1":1767.009506080215}
{"input1":98.55594494995397,"input2":54.19493217130637,"input3":12,"output1":339.10406501434414}
{"input1":5.457909506454386,"input2":3.353367736708218,"input3":5,"output1":20.850428548714582}
{"input1":56.56282299529917,"input2":14.431064123185648,"input3":8,"output1":95.309161357369}
{"input1":99.69521765960955,"input2":37.21769203078043,"input3":17,"output1":218.47154414217468}
{"input1":67.82604005805712,"input2":5.531103850170619,"input3":17,"output1":79.87044993611119}
{"input1":10.891820296820825,"input2":5.873546729260064,"input3":2,"output1":25.80629534281504}
{"input1":80.86637889019246,"input2":79.80613361861042,"input3":16,"output1":2332.7979853663637}
{"input1":7.730094552113775,"input2":7.100370352709107,"input3":15,"output1":131.1593962031441}
{"input1":12.262524654151775,"input2":3.099171497005222,"input3":10,"output1":20.55721033919}
{"input1":10.283114603370043,"input2":9.72195639516805,"input3":11,"output1":168.8472601512955}
{"input1":21.450555490557676,"input2":17.712826124365904,"input3":14,"output1":209.35294910160152}
{"input1":88.23771378316566,"input2":24.93545543416435,"input3":9,"output1":157.75151204701365}
{"input1":8.162462751852384,"input2":5.475176815733597,"input3":2,"output1":22.78542874422123}
{"input1":82.09948664261738,"input2":75.27492148037925,"input3":6,"output1":768.4562114062043}
{"input1":22.426215237027755,"input2":4.681125090697828,"input3":6,"output1":34.25537781286776}
{"input1":44.58792953212039,"input2":1.1874635854275661,"input3":18,"output1":47.02783617802407}
{"input1":45.31480945961205,"input2":22.48197413276732,"input3":10,"output1":134.43019380998186}
{"input1":38.287068426610446,"input2":21.19853550007512,"input3":14,"output1":133.24431874010386}
{"input1":5.11673534472368,"input2":3.8277664179716377,"input3":3,"output1":20.641430241735023}
{"input1":2.2057231485678845,"input2":1.1234309306006178,"input3":20,"output1":6.784842327240289}
{"input1":62.281542695665685,"input2":49.355335241858434,"input3":19,"output1":531.4184109245105}
{"input1":74.65707154078927,"input2":29.902592614110343,"input3":16,"output1":174.4208662902621}
{"input1":60.82838789780668,"input2":23.488345617014936,"input3":20,"output1":137.35525257979506}
{"input1":24.07239031121899,"input2":1.41767076740493,"input3":6,"output1":27.085158682830823}
{"input1":59.18744679992534,"input2":34.49437682661205,"input3":7,"output1":219.42042048498482}
{"input1":93.01250758957852,"input2":25.92463865997552,"input3":2,"output1":152.08755405807744}
{"input1":61.81112871511783,"input2":34.61336282696598,"input3":17,"output1":219.12809276103536}
{"input1":97.94445282800287,"input2":93.20364551909067,"input3":6,"output1":1016.7441356852985}
{"input1":93.04871418662631,"input2":87.32885884281815,"input3":10,"output1":1378.4215752786497}
{"input1":58.92400084241214,"input2":56.2643397056388,"input3":12,"output1":1085.8536916111016}
{"input1":95.71195062482009,"input2":22.59617555171332,"input3":4,"output1":154.38973002527544}
{"input1":32.9230268996997,"input2":20.101453742446306,"input3":16,"output1":136.10462117791033}
{"input1":64.57808059339118,"input2":58.561508626323906,"input3":6,"output1":586.6870571240081}
{"input1":3.0975714086786734,"input2":1.4069921833047725,"input3":1,"output1":4.504563591983446}
{"input1":88.39539475372105,"input2":78.23684016466142,"input3":11,"output1":1071.3847604712375}
{"input1":56.58751086016736,"input2":48.36216162880166,"input3":7,"output1":481.55672240945086}
{"input1":90.98047708510903,"input2":48.38957726663631,"input3":9,"output1":296.701103415708}
{"input1":80.83910504018392,"input2":51.84792143961151,"input3":12,"output1":368.1922306559042}
{"input1":60.99816153098367,"input2":42.404177326496665,"input3":18,"output1":338.72703040957947}
{"input1":15.80708629127856,"input2":6.478048163654078,"input3":16,"output1":37.75982215412092}
{"input1":99.57224043807992,"input2":18.765256506944805,"input3":16,"output1":145.81820908820555}
{"input1":76.83371864371777,"input2":20.15409711648365,"input3":8,"output1":131.47172331243485}
{"input1":35.69739187201238,"input2":22.547975033076558,"input3":4,"output1":132.95210814849762}
{"input1":18.37463941118752,"input2":3.276703460331417,"input3":12,"output1":26.350331557159986}
{"input1":38.458323321944064,"input2":34.598105046196224,"input3":18,"output1":619.4110461862407}
{"input1":8.88670065397583,"input2":5.872128065350377,"input3":18,"output1":43.48266590154172}
{"input1":2.705521097214108,"input2":2.6473797416000107,"input3":10,"output1":48.638279419614534}
{"input1":90.35292283526152,"input2":19.260619252619136,"input3":6,"output1":139.2974214583268}
{"input1":35.593952539313406,"input2":7.703514803468931,"input3":3,"output1":54.696328654335645}
{"input1":84.70816089366777,"input2":54.78666065524303,"input3":1,"output1":139.4948215489108}
{"input1":57.366136391424604,"input2":52.260128605623066,"input3":17,