{"input1":1,"input2":2,"output1":0.0}
{"input1":2,"input2":1,"output1":0.5}
{"input1":99,"input2":100,"output1":0.49}
{"input1":100,"input2":99,"output1":0.5}
{"input1":1,"input2":100,"output1":0.0}
{"input1":100,"input2":1,"output1":0.99}
{"input1":3,"input2":4,"output1":0.25}
{"input1":4,"input2":3,"output1":0.5}
{"input1":4,"input2":6,"output1":0.25}
{"input1":6,"input2":4,"output1":0.5833333}
{"input1":49,"input2":50,"output1":0.48}
{"input1":50,"input2":49,"output1":0.5}
{"input1":1,"input2":1,"output1":0.0}
{"input1":50,"input2":50,"output1":0.49}
{"input1":100,"input2":100,"output1":0.495}
{"input1":2,"input2":31,"output1":0.016129032}
{"input1":77,"input2":42,"output1":0.72077924}
{"input1":24,"input2":49,"output1":0.23469388}
{"input1":46,"input2":7,"output1":0.9130435}
{"input1":97,"input2":25,"output1":0.8659794}
{"input1":38,"input2":22,"output1":0.69736844}
{"input1":68,"input2":29,"output1":0.7794118}
{"input1":12,"input2":100,"output1":0.055}
{"input1":84,"input2":38,"output1":0.76785713}
{"input1":39,"input2":100,"output1":0.19}
{"input1":11,"input2":59,"output1":0.084745765}
{"input1":51,"input2":86,"output1":0.29069766}
{"input1":37,"input2":5,"output1":0.9189189}
{"input1":100,"input2":90,"output1":0.545}
{"input1":94,"input2":94,"output1":0.49468085}
{"input1":23,"input2":81,"output1":0.13580246}
{"input1":21,"input2":24,"output1":0.41666666}
{"input1":18,"input2":21,"output1":0.4047619}
{"input1":75,"input2":91,"output1":0.4065934}
{"input1":9,"input2":56,"output1":0.071428575}
{"input1":17,"input2":17,"output1":0.47058824}
{"input1":77,"input2":40,"output1":0.73376626}
{"input1":90,"input2":41,"output1":0.76666665}
{"input1":69,"input2":20,"output1":0.84782606}
{"input1":66,"input2":9,"output1":0.92424244}
{"input1":93,"input2":100,"output1":0.46}
{"input1":12,"input2":73,"output1":0.07534247}
{"input1":65,"input2":87,"output1":0.3678161}
{"input1":42,"input2":94,"output1":0.21808511}
{"input1":75,"input2":43,"output1":0.70666665}
{"input1":10,"input2":10,"output1":0.45}
{"input1":78,"input2":97,"output1":0.3969072}
{"input1":99,"input2":43,"output1":0.7777778}
{"input1":38,"input2":74,"output1":0.25}
{"input1":13,"input2":30,"output1":0.2}
{"input1":59,"input2":38,"output1":0.6694915}
{"input1":61,"input2":2,"output1":0.97540987}
{"input1":31,"input2":26,"output1":0.5645161}
{"input1":17,"input2":12,"output1":0.61764705}
{"input1":2,"input2":46,"output1":0.010869565}
{"input1":43,"input2":58,"output1":0.36206895}
{"input1":67,"input2":84,"output1":0.39285713}
{"input1":78,"input2":28,"output1":0.8141026}
{"input1":6,"input2":72,"output1":0.034722224}
{"input1":83,"input2":80,"output1":0.5120482}
{"input1":43,"input2":17,"output1":0.7906977}
{"input1":40,"input2":85,"output1":0.22941177}
{"input1":77,"input2":18,"output1":0.8766234}
{"input1":53,"input2":9,"output1":0.9056604}
{"input1":56,"input2":21,"output1":0.8035714}
{"input1":8,"input2":26,"output1":0.13461539}
{"input1":45,"input2":68,"output1":0.32352942}
{"input1":2,"input2":30,"output1":0.016666668}
{"input1":21,"input2":12,"output1":0.6904762}
{"input1":24,"input2":55,"output1":0.2090909}
{"input1":55,"input2":77,"output1":0.35064936}
{"input1":94,"input2":40,"output1":0.7819149}
{"input1":6,"input2":65,"output1":0.03846154}
{"input1":83,"input2":2,"output1":0.9819277}
{"input1":18,"input2":70,"output1":0.12142857}
{"input1":67,"input2":81,"output1":0.4074074}
{"input1":33,"input2":27,"output1":0.57575756}
{"input1":46,"input2":24,"output1":0.7282609}
{"input1":83,"input2":86,"output1":0.47674417}
{"input1":64,"input2":2,"output1":0.9765625}
{"input1":50,"input2":93,"output1":0.26344085}
{"input1":88,"input2":95,"output1":0.45789474}
{"input1":48,"input2":22,"output1":0.7604167}
{"input1":24,"input2":30,"output1":0.38333333}
{"input1":96,"input2":88,"output1":0.5364583}
{"input1":10,"input2":64,"output1":0.0703125}
{"input1":49,"input2":10,"output1":0.8877551}
{"input1":82,"input2":15,"output1":0.902439}
{"input1":89,"input2":53,"output1":0.6966292}
{"input1":64,"input2":40,"output1":0.6796875}
{"input1":82,"input2":13,"output1":0.91463417}
{"input1":21,"input2":77,"output1":0.12987013}
{"input1":98,"input2":2,"output1":0.9846939}
{"input1":27,"input2":46,"output1":0.2826087}
{"input1":93,"input2":37,"output1":0.79569894}
{"input1":51,"input2":61,"output1":0.40983605}
{"input1":88,"input2":62,"output1":0.64204544}
{"input1":66,"input2":22,"output1":0.82575756}
{"input1":73,"input2":28,"output1":0.80136985}
{"input1":23,"input2":59,"output1":0.18644068}
